,region,item,quantity
0,South East England,garlic,29034978.0
1,South East England,corned beef,28968853.0
2,South East England,fine beans,28951634.0
3,Wales,corned beef,24253665.0
4,Wales,fine beans,24210835.0
5,Wales,garlic,24157162.0
6,Scotland,garlic,22910889.0
7,Scotland,corned beef,22810468.0
8,Scotland,fine beans,22810293.0
9,East Midlands,garlic,21287309.0
10,East Midlands,fine beans,21251111.0
11,East Midlands,corned beef,21142114.0
12,London,fine beans,18013073.0
13,London,corned beef,17980601.0
14,London,garlic,17874382.0
15,East of England,fine beans,17100123.0
16,East of England,corned beef,17094136.0
17,East of England,garlic,17053538.0
18,South East England,oxford shoes,14619950.0
19,South East England,Red pepper,14608216.0
20,South East England,large king prawns,14599232.0
21,South East England,apple macbook pro mid 2009,14592690.0
22,South East England,aubergine,14581449.0
23,South East England,mild cheddar cheese,14571368.0
24,South East England,dyson tower fan,14568419.0
25,South East England,croisant ,14567750.0
26,South East England,Spring onions bunch,14564902.0
27,South East England,Mixed pepper,14559558.0
28,South East England,easy peeler loose,14557215.0
29,South East England,british parsnips loose,14553697.0
30,South East England,bosch washing machine,14553409.0
31,South East England,classic bowtie,14551366.0
32,South East England,grey cardigan,14549257.0
33,South East England,salmon fillets,14549077.0
34,South East England,fresh whole turkey,14548572.0
35,South East England,minecraft game - xbox,14543812.0
36,South East England,hp dv 3000 laptop,14540541.0
37,South East England,pain au chocolate,14540537.0
38,South East England,blue stilton cheese,14539627.0
39,South East England,semi skimmed milk,14538985.0
40,South East England,gameboy color,14538467.0
41,South East England,celery,14536503.0
42,South East England,Slightly salted butter,14535768.0
43,South East England,fresh turkey steak,14534789.0
44,South East England,pokemon red,14531104.0
45,South East England,Plain Greek yoghurt,14531081.0
46,South East England,brenton t-shirt,14530440.0
47,South East England,Sweet potatoes loose,14529492.0
48,South East England,pain au raisins,14529370.0
49,South East England,almond croisant,14527190.0
50,South East England,Lemon,14527036.0
51,South East England,Organic Kefir,14518296.0
52,South East England,Soy Milk,14516856.0
53,South East England,21 day mature ribeye steak,14515603.0
54,South East England,samsung washing machine,14515334.0
55,South East England,linen trousers,14515287.0
56,South East England,diced chicken breast,14515245.0
57,South East England,21 day mature sirlion steak,14512490.0
58,South East England,pokemon yellow,14509052.0
59,South East England,organic raspberry yoghurt,14507165.0
60,South East England,british fresh turkey mince,14504827.0
61,South East England,pink blazers,14504694.0
62,South East England,Fairtrade Bananas Loose,14504529.0
63,South East England,organic soured cream,14503525.0
64,South East England,vernison sausages,14502997.0
65,South East England,x-box 360,14501969.0
66,South East England,grey blazers,14500885.0
67,South East England,silk scarf,14500352.0
68,South East England,courgette loose,14499714.0
69,South East England,vanilla yoghurt,14498313.0
70,South East England,British baking potatoes loose,14497475.0
71,South East England,21 day mature rump steak,14497348.0
72,South East England,shortbread,14497332.0
73,South East England,scottish salmon,14496750.0
74,South East England,british bramley cooking apples,14496372.0
75,South East England,hp dv 2000 laptop,14495111.0
76,South East England,cod fillets,14494354.0
77,South East England,denim jeams,14494192.0
78,South East England,wellington boots,14488908.0
79,South East England,linen shirt,14488344.0
80,South East England,Brocolli loose,14483172.0
81,South East England,gaming keyboard,14482844.0
82,South East England,sea bass fillets,14482144.0
83,South East England,apple macbook air mid 2009,14480850.0
84,South East England,hotpoint washing machine,14480509.0
85,South East England,macaron - x3,14479559.0
86,South East England,goat cheese,14479165.0
87,South East England,flapjack,14478377.0
88,South East England,baby potatoes,14477349.0
89,South East England,hp envy laptop,14475486.0
90,South East England,white shirt,14475254.0
91,South East England,free range large eggs x12,14475117.0
92,South East England,raspberries,14472883.0
93,South East England,lg washing machine,14470157.0
94,South East England,Organic mILK,14468697.0
95,South East England,millionaire square,14466669.0
96,South East England,play station 3,14466279.0
97,South East England,skimmed milk,14465148.0
98,South East England,custard doughnut,14464686.0
99,South East England,mature cheddar cheese,14463387.0
100,South East England,pokemon gold,14462287.0
101,South East England,British carrots loose,14460121.0
102,South East England,silk tie,14459442.0
103,South East England,chocolate twist,14458559.0
104,South East England,british fresh chicken thigh fillets,14457863.0
105,South East England,dell inspiron laptop,14456284.0
106,South East England,pokemon blue,14454824.0
107,South East England,Blueberry yoghurt,14451234.0
108,South East England,halo combat evolved,14451071.0
109,South East England,Almond milk,14450814.0
110,South East England,denim jacket,14450440.0
111,South East England,beef sausages,14449151.0
112,South East England,dyson washing machine,14448611.0
113,South East England,cheese cake,14445652.0
114,South East England,plastic sunshades,14444169.0
115,South East England,beef mince,14444027.0
116,South East England,oxford shirt,14443300.0
117,South East England,Oats Milk,14443287.0
118,South East England,Onions Loose,14438813.0
119,South East England,cotton tie,14436210.0
120,South East England,gaming mouse,14436061.0
121,South East England,red velvet cake,14434307.0
122,South East England,fresh whole chicken,14432648.0
123,South East England,olive oil spread,14431404.0
124,South East England,chicken sausages,14431373.0
125,South East England,chocolate fudge cake,14426877.0
126,South East England,jam doughnut,14426870.0
127,South East England,diced vernison,14426158.0
128,South East England,brenton jumper,14420633.0
129,South East England,dual shock controller,14419304.0
130,South East England,dyson vacuum cleaner,14418372.0
131,South East England,unsalted butter,14416129.0
132,South East England,wristwatch,14415671.0
133,South East England,god of war 2,14410515.0
134,South East England,british fresh chicken brest fillets,14375029.0
135,South East England,gameboy advance,14346820.0
136,West Midlands,fine beans,13982813.0
137,West Midlands,garlic,13909254.0
138,West Midlands,corned beef,13904120.0
139,Wales,Mixed pepper,12270003.0
140,Wales,sea bass fillets,12230599.0
141,Wales,minecraft game - xbox,12226305.0
142,Wales,british fresh turkey mince,12223574.0
143,Wales,bosch washing machine,12221435.0
144,Wales,Organic mILK,12218060.0
145,Wales,chocolate twist,12202188.0
146,Wales,dyson tower fan,12200930.0
147,Wales,Brocolli loose,12188774.0
148,Wales,large king prawns,12188007.0
149,Wales,almond croisant,12183669.0
150,Wales,god of war 2,12181533.0
151,Wales,olive oil spread,12180431.0
152,Wales,gaming keyboard,12175884.0
153,Wales,classic bowtie,12175854.0
154,Wales,oxford shirt,12174275.0
155,Wales,Sweet potatoes loose,12171225.0
156,Wales,organic soured cream,12169805.0
157,Wales,apple macbook pro mid 2009,12169096.0
158,Wales,plastic sunshades,12166514.0
159,Wales,easy peeler loose,12166250.0
160,Wales,chicken sausages,12165743.0
161,Wales,silk tie,12163234.0
162,Wales,fresh whole turkey,12162939.0
163,Wales,british fresh chicken thigh fillets,12160514.0
164,Wales,Plain Greek yoghurt,12160273.0
165,Wales,denim jacket,12159604.0
166,Wales,British baking potatoes loose,12156989.0
167,Wales,shortbread,12155872.0
168,Wales,mature cheddar cheese,12155628.0
169,Wales,pain au chocolate,12155346.0
170,Wales,dyson washing machine,12153514.0
171,Wales,flapjack,12151260.0
172,Wales,21 day mature sirlion steak,12150705.0
173,Wales,pokemon red,12150576.0
174,Wales,diced chicken breast,12150249.0
175,Wales,gaming mouse,12147252.0
176,Wales,pain au raisins,12144328.0
177,Wales,dell inspiron laptop,12143195.0
178,Wales,blue stilton cheese,12141666.0
179,Wales,Fairtrade Bananas Loose,12139183.0
180,Wales,salmon fillets,12138019.0
181,Wales,british parsnips loose,12136517.0
182,Wales,scottish salmon,12135643.0
183,Wales,Soy Milk,12135613.0
184,Wales,cotton tie,12135286.0
185,Wales,unsalted butter,12135199.0
186,Wales,raspberries,12135056.0
187,Wales,red velvet cake,12134188.0
188,Wales,brenton jumper,12133795.0
189,Wales,cheese cake,12133610.0
190,Wales,Lemon,12126447.0
191,Wales,aubergine,12125603.0
192,North West England,garlic,12124698.0
193,Wales,Organic Kefir,12124268.0
194,Wales,pink blazers,12124050.0
195,Wales,vernison sausages,12123014.0
196,Wales,skimmed milk,12122622.0
197,Wales,mild cheddar cheese,12118649.0
198,Wales,Almond milk,12118409.0
199,Wales,vanilla yoghurt,12118196.0
200,Wales,Onions Loose,12117942.0
201,Wales,pokemon gold,12116967.0
202,Wales,baby potatoes,12116739.0
203,Wales,british fresh chicken brest fillets,12116560.0
204,Wales,Spring onions bunch,12116145.0
205,Wales,goat cheese,12115779.0
206,Wales,wristwatch,12115680.0
207,Wales,linen shirt,12114190.0
208,Wales,diced vernison,12111540.0
209,Wales,british bramley cooking apples,12110434.0
210,Wales,custard doughnut,12110308.0
211,Wales,grey blazers,12109049.0
212,Wales,grey cardigan,12106646.0
213,Wales,organic raspberry yoghurt,12106434.0
214,Wales,hotpoint washing machine,12105897.0
215,Wales,pokemon blue,12104971.0
216,Wales,fresh whole chicken,12104767.0
217,Wales,gameboy color,12100956.0
218,Wales,white shirt,12100878.0
219,Wales,halo combat evolved,12097519.0
220,Wales,British carrots loose,12096622.0
221,Wales,wellington boots,12096307.0
222,Wales,cod fillets,12095904.0
223,Wales,oxford shoes,12095057.0
224,Wales,21 day mature rump steak,12094492.0
225,Wales,courgette loose,12093843.0
226,Wales,pokemon yellow,12093467.0
227,Wales,dyson vacuum cleaner,12090839.0
228,Wales,denim jeams,12090647.0
229,Wales,hp dv 3000 laptop,12088110.0
230,Wales,macaron - x3,12088094.0
231,Wales,semi skimmed milk,12087733.0
232,Wales,hp dv 2000 laptop,12086156.0
233,Wales,lg washing machine,12085100.0
234,Wales,linen trousers,12084082.0
235,Wales,jam doughnut,12082538.0
236,Wales,beef sausages,12079871.0
237,Wales,gameboy advance,12078023.0
238,Wales,beef mince,12077256.0
239,Wales,millionaire square,12075878.0
240,Wales,free range large eggs x12,12075716.0
241,North West England,fine beans,12073532.0
242,Wales,fresh turkey steak,12070856.0
243,North West England,corned beef,12070485.0
244,Wales,x-box 360,12070484.0
245,Wales,silk scarf,12067273.0
246,Wales,samsung washing machine,12063128.0
247,Wales,Red pepper,12058488.0
248,Wales,brenton t-shirt,12054208.0
249,Wales,play station 3,12049455.0
250,Wales,croisant ,12049389.0
251,Wales,21 day mature ribeye steak,12048062.0
252,Wales,Blueberry yoghurt,12046770.0
253,Wales,Slightly salted butter,12046315.0
254,Wales,Oats Milk,12043088.0
255,Wales,apple macbook air mid 2009,12036362.0
256,Wales,dual shock controller,12030714.0
257,Wales,hp envy laptop,12030213.0
258,Wales,celery,12025328.0
259,Wales,chocolate fudge cake,12014279.0
260,Scotland,oxford shoes,11588799.0
261,Scotland,cotton tie,11544444.0
262,Scotland,large king prawns,11514770.0
263,Scotland,courgette loose,11514469.0
264,Scotland,brenton t-shirt,11505202.0
265,Scotland,raspberries,11501784.0
266,Scotland,dell inspiron laptop,11489851.0
267,Scotland,denim jacket,11486599.0
268,Scotland,silk scarf,11485650.0
269,Scotland,white shirt,11482024.0
270,Scotland,play station 3,11481223.0
271,Scotland,denim jeams,11480637.0
272,Scotland,british fresh chicken thigh fillets,11469714.0
273,Scotland,beef sausages,11468929.0
274,Scotland,21 day mature rump steak,11468240.0
275,Scotland,sea bass fillets,11467942.0
276,Scotland,croisant ,11467258.0
277,Scotland,cod fillets,11466942.0
278,Scotland,brenton jumper,11466634.0
279,Scotland,chocolate fudge cake,11466406.0
280,Scotland,chicken sausages,11465224.0
281,Scotland,blue stilton cheese,11464636.0
282,Scotland,vanilla yoghurt,11463149.0
283,Scotland,Onions Loose,11458644.0
284,Scotland,silk tie,11455317.0
285,Scotland,baby potatoes,11452059.0
286,Scotland,oxford shirt,11446355.0
287,Scotland,dyson tower fan,11445081.0
288,Scotland,olive oil spread,11444847.0
289,Scotland,diced vernison,11444439.0
290,Scotland,Soy Milk,11443530.0
291,Scotland,British carrots loose,11443235.0
292,Scotland,Almond milk,11440085.0
293,Scotland,mild cheddar cheese,11440005.0
294,Scotland,pain au raisins,11436913.0
295,Scotland,Lemon,11435715.0
296,Scotland,Spring onions bunch,11435019.0
297,Scotland,gameboy color,11433814.0
298,Scotland,macaron - x3,11432562.0
299,Scotland,Red pepper,11432062.0
300,Scotland,minecraft game - xbox,11429644.0
301,Scotland,dyson washing machine,11428779.0
302,Scotland,British baking potatoes loose,11426569.0
303,Scotland,british parsnips loose,11426366.0
304,Scotland,vernison sausages,11426360.0
305,Scotland,organic raspberry yoghurt,11425166.0
306,Scotland,chocolate twist,11424760.0
307,Scotland,free range large eggs x12,11424462.0
308,Scotland,god of war 2,11424063.0
309,Scotland,Organic mILK,11421425.0
310,Scotland,linen shirt,11418331.0
311,Scotland,x-box 360,11417823.0
312,Scotland,british fresh chicken brest fillets,11416379.0
313,Scotland,almond croisant,11412723.0
314,Scotland,pokemon yellow,11412707.0
315,Scotland,Sweet potatoes loose,11412108.0
316,Scotland,Plain Greek yoghurt,11412006.0
317,Scotland,grey cardigan,11411883.0
318,Scotland,21 day mature sirlion steak,11411132.0
319,Scotland,dyson vacuum cleaner,11409137.0
320,Scotland,Mixed pepper,11409064.0
321,Scotland,halo combat evolved,11408107.0
322,Scotland,cheese cake,11404750.0
323,Scotland,salmon fillets,11402522.0
324,Scotland,hp dv 3000 laptop,11401164.0
325,Scotland,unsalted butter,11400393.0
326,Scotland,pain au chocolate,11399053.0
327,Scotland,grey blazers,11398063.0
328,Scotland,samsung washing machine,11397394.0
329,Scotland,fresh turkey steak,11395992.0
330,Scotland,hotpoint washing machine,11395477.0
331,Scotland,british fresh turkey mince,11394970.0
332,Scotland,wellington boots,11394118.0
333,Scotland,pokemon red,11389748.0
334,Scotland,shortbread,11388880.0
335,Scotland,goat cheese,11387884.0
336,Scotland,easy peeler loose,11387832.0
337,Scotland,skimmed milk,11385738.0
338,Scotland,pokemon blue,11382425.0
339,Scotland,Slightly salted butter,11381245.0
340,Scotland,semi skimmed milk,11381059.0
341,Scotland,fresh whole turkey,11379717.0
342,Scotland,gaming mouse,11374883.0
343,Scotland,aubergine,11374151.0
344,Scotland,dual shock controller,11373659.0
345,Scotland,Oats Milk,11373376.0
346,Scotland,jam doughnut,11373359.0
347,Scotland,red velvet cake,11372842.0
348,Scotland,Organic Kefir,11368097.0
349,Scotland,millionaire square,11367249.0
350,Scotland,Blueberry yoghurt,11366294.0
351,Scotland,21 day mature ribeye steak,11365634.0
352,Scotland,linen trousers,11364996.0
353,Scotland,classic bowtie,11364909.0
354,Scotland,flapjack,11363166.0
355,Scotland,hp dv 2000 laptop,11362190.0
356,Scotland,Brocolli loose,11361785.0
357,Scotland,british bramley cooking apples,11360068.0
358,Scotland,Fairtrade Bananas Loose,11356066.0
359,Scotland,custard doughnut,11354811.0
360,Scotland,fresh whole chicken,11354243.0
361,Scotland,apple macbook pro mid 2009,11352943.0
362,Scotland,mature cheddar cheese,11350169.0
363,Scotland,organic soured cream,11348076.0
364,Scotland,wristwatch,11346280.0
365,Scotland,celery,11339407.0
366,Scotland,apple macbook air mid 2009,11338641.0
367,Scotland,bosch washing machine,11333210.0
368,Scotland,beef mince,11327735.0
369,Scotland,plastic sunshades,11325500.0
370,Scotland,lg washing machine,11323511.0
371,Scotland,diced chicken breast,11320572.0
372,Scotland,hp envy laptop,11320132.0
373,Scotland,pink blazers,11313157.0
374,Scotland,scottish salmon,11307270.0
375,Scotland,pokemon gold,11305398.0
376,Scotland,gaming keyboard,11295565.0
377,Scotland,gameboy advance,11288449.0
378,East Midlands,Red pepper,10774269.0
379,East Midlands,millionaire square,10721949.0
380,East Midlands,almond croisant,10700412.0
381,East Midlands,silk tie,10693505.0
382,East Midlands,linen trousers,10687758.0
383,East Midlands,fresh whole turkey,10686510.0
384,East Midlands,plastic sunshades,10682441.0
385,East Midlands,vernison sausages,10681555.0
386,East Midlands,lg washing machine,10679679.0
387,East Midlands,dell inspiron laptop,10677845.0
388,East Midlands,easy peeler loose,10676688.0
389,East Midlands,Plain Greek yoghurt,10671956.0
390,East Midlands,Mixed pepper,10669714.0
391,East Midlands,Onions Loose,10661191.0
392,East Midlands,aubergine,10653807.0
393,East Midlands,organic soured cream,10649688.0
394,East Midlands,samsung washing machine,10646384.0
395,East Midlands,gaming keyboard,10643523.0
396,East Midlands,british bramley cooking apples,10642599.0
397,East Midlands,Almond milk,10642365.0
398,East Midlands,salmon fillets,10642207.0
399,East Midlands,fresh whole chicken,10640066.0
400,East Midlands,play station 3,10637253.0
401,East Midlands,apple macbook air mid 2009,10636576.0
402,East Midlands,pokemon blue,10634171.0
403,East Midlands,Sweet potatoes loose,10629076.0
404,East Midlands,pokemon gold,10628506.0
405,East Midlands,brenton t-shirt,10626077.0
406,East Midlands,flapjack,10624913.0
407,East Midlands,chicken sausages,10623656.0
408,East Midlands,gaming mouse,10622120.0
409,East Midlands,linen shirt,10621874.0
410,East Midlands,cod fillets,10620457.0
411,East Midlands,pink blazers,10619883.0
412,East Midlands,sea bass fillets,10618698.0
413,East Midlands,custard doughnut,10617581.0
414,East Midlands,mature cheddar cheese,10617306.0
415,East Midlands,shortbread,10615869.0
416,East Midlands,dyson washing machine,10614059.0
417,East Midlands,chocolate fudge cake,10610139.0
418,East Midlands,cheese cake,10607493.0
419,East Midlands,wristwatch,10606138.0
420,East Midlands,21 day mature sirlion steak,10605703.0
421,East Midlands,goat cheese,10601832.0
422,East Midlands,god of war 2,10600967.0
423,East Midlands,Organic Kefir,10599175.0
424,East Midlands,olive oil spread,10599137.0
425,East Midlands,halo combat evolved,10595200.0
426,East Midlands,celery,10593930.0
427,East Midlands,cotton tie,10593924.0
428,East Midlands,skimmed milk,10593173.0
429,East Midlands,oxford shirt,10592188.0
430,East Midlands,baby potatoes,10591184.0
431,East Midlands,british fresh chicken brest fillets,10590744.0
432,East Midlands,chocolate twist,10590146.0
433,East Midlands,fresh turkey steak,10589653.0
434,East Midlands,Spring onions bunch,10589217.0
435,East Midlands,diced vernison,10589013.0
436,East Midlands,organic raspberry yoghurt,10588090.0
437,East Midlands,Fairtrade Bananas Loose,10586582.0
438,East Midlands,Brocolli loose,10586408.0
439,East Midlands,large king prawns,10586294.0
440,East Midlands,Slightly salted butter,10585810.0
441,East Midlands,oxford shoes,10583261.0
442,East Midlands,classic bowtie,10582483.0
443,East Midlands,hp dv 2000 laptop,10582209.0
444,East Midlands,denim jeams,10582039.0
445,East Midlands,pokemon yellow,10580762.0
446,East Midlands,croisant ,10580029.0
447,East Midlands,apple macbook pro mid 2009,10579185.0
448,East Midlands,white shirt,10577702.0
449,East Midlands,Blueberry yoghurt,10574173.0
450,East Midlands,macaron - x3,10573932.0
451,East Midlands,beef mince,10573027.0
452,East Midlands,British carrots loose,10572920.0
453,East Midlands,wellington boots,10570235.0
454,East Midlands,gameboy advance,10568837.0
455,East Midlands,grey cardigan,10566475.0
456,East Midlands,brenton jumper,10565435.0
457,East Midlands,Soy Milk,10565189.0
458,East Midlands,british fresh chicken thigh fillets,10563794.0
459,East Midlands,21 day mature rump steak,10563256.0
460,East Midlands,blue stilton cheese,10562046.0
461,East Midlands,free range large eggs x12,10561697.0
462,East Midlands,semi skimmed milk,10560848.0
463,East Midlands,dyson tower fan,10559751.0
464,East Midlands,mild cheddar cheese,10558722.0
465,East Midlands,british fresh turkey mince,10558306.0
466,East Midlands,x-box 360,10555103.0
467,East Midlands,British baking potatoes loose,10554461.0
468,East Midlands,pokemon red,10553699.0
469,East Midlands,bosch washing machine,10553018.0
470,East Midlands,pain au raisins,10552788.0
471,East Midlands,beef sausages,10552648.0
472,East Midlands,hotpoint washing machine,10551432.0
473,East Midlands,raspberries,10545981.0
474,East Midlands,Organic mILK,10544629.0
475,East Midlands,pain au chocolate,10544598.0
476,East Midlands,jam doughnut,10540905.0
477,East Midlands,21 day mature ribeye steak,10533470.0
478,East Midlands,denim jacket,10532784.0
479,East Midlands,hp envy laptop,10531690.0
480,East Midlands,unsalted butter,10530006.0
481,East Midlands,grey blazers,10526469.0
482,East Midlands,scottish salmon,10524732.0
483,East Midlands,dual shock controller,10522243.0
484,East Midlands,hp dv 3000 laptop,10519353.0
485,East Midlands,courgette loose,10515254.0
486,East Midlands,gameboy color,10513961.0
487,East Midlands,diced chicken breast,10512214.0
488,East Midlands,british parsnips loose,10508089.0
489,East Midlands,red velvet cake,10506448.0
490,East Midlands,Lemon,10500396.0
491,East Midlands,dyson vacuum cleaner,10493114.0
492,East Midlands,minecraft game - xbox,10489643.0
493,East Midlands,Oats Milk,10487496.0
494,East Midlands,vanilla yoghurt,10471220.0
495,East Midlands,silk scarf,10452528.0
496,South West England,fine beans,10029848.0
497,South West England,garlic,10008855.0
498,South West England,corned beef,9923377.0
499,Yorkshire and the Humber,corned beef,9715751.0
500,Yorkshire and the Humber,garlic,9666909.0
501,Yorkshire and the Humber,fine beans,9585362.0
502,London,silk scarf,9073206.0
503,London,shortbread,9057293.0
504,London,pain au raisins,9049229.0
505,London,skimmed milk,9044357.0
506,London,dyson vacuum cleaner,9035080.0
507,London,vanilla yoghurt,9029960.0
508,London,Spring onions bunch,9027743.0
509,London,pain au chocolate,9026956.0
510,London,dual shock controller,9021538.0
511,London,pokemon gold,9020118.0
512,London,brenton t-shirt,9018857.0
513,London,organic soured cream,9017768.0
514,London,cod fillets,9016929.0
515,London,free range large eggs x12,9016687.0
516,London,millionaire square,9014990.0
517,London,almond croisant,9013767.0
518,London,gameboy color,9013652.0
519,London,Brocolli loose,9013365.0
520,London,21 day mature sirlion steak,9010229.0
521,London,baby potatoes,9010207.0
522,London,fresh turkey steak,9009458.0
523,London,oxford shirt,9007555.0
524,London,celery,9007144.0
525,London,courgette loose,9003099.0
526,London,cheese cake,8999584.0
527,London,pink blazers,8995126.0
528,London,oxford shoes,8992658.0
529,London,cotton tie,8990906.0
530,London,beef mince,8990610.0
531,London,white shirt,8989714.0
532,London,olive oil spread,8988712.0
533,London,british fresh chicken brest fillets,8987930.0
534,London,gameboy advance,8987215.0
535,London,organic raspberry yoghurt,8985041.0
536,London,pokemon red,8984636.0
537,London,sea bass fillets,8983365.0
538,London,vernison sausages,8983281.0
539,London,Plain Greek yoghurt,8983002.0
540,London,diced chicken breast,8979884.0
541,London,wellington boots,8979855.0
542,London,hp envy laptop,8979691.0
543,London,lg washing machine,8978898.0
544,London,British carrots loose,8977175.0
545,London,linen shirt,8975507.0
546,London,play station 3,8974474.0
547,London,british bramley cooking apples,8974424.0
548,London,gaming keyboard,8974147.0
549,London,Organic Kefir,8974139.0
550,London,Fairtrade Bananas Loose,8973756.0
551,London,Soy Milk,8973534.0
552,London,chocolate fudge cake,8973509.0
553,London,red velvet cake,8973062.0
554,London,x-box 360,8972533.0
555,London,Almond milk,8969568.0
556,London,British baking potatoes loose,8969540.0
557,London,dell inspiron laptop,8969460.0
558,London,dyson tower fan,8968542.0
559,London,aubergine,8968467.0
560,London,grey cardigan,8968309.0
561,London,british parsnips loose,8968254.0
562,London,diced vernison,8968006.0
563,London,macaron - x3,8967638.0
564,London,Sweet potatoes loose,8967202.0
565,London,god of war 2,8966704.0
566,London,mature cheddar cheese,8965985.0
567,London,easy peeler loose,8965864.0
568,London,Red pepper,8965841.0
569,London,samsung washing machine,8963114.0
570,London,chicken sausages,8960679.0
571,London,unsalted butter,8959040.0
572,London,linen trousers,8958684.0
573,London,classic bowtie,8956956.0
574,London,croisant ,8956553.0
575,London,goat cheese,8955718.0
576,London,wristwatch,8955598.0
577,London,flapjack,8954627.0
578,London,halo combat evolved,8953902.0
579,London,custard doughnut,8951485.0
580,London,21 day mature ribeye steak,8950894.0
581,London,large king prawns,8950667.0
582,London,denim jeams,8950405.0
583,London,silk tie,8948082.0
584,London,bosch washing machine,8946802.0
585,London,beef sausages,8945393.0
586,London,pokemon yellow,8942451.0
587,London,Mixed pepper,8942077.0
588,London,apple macbook pro mid 2009,8937525.0
589,London,hp dv 2000 laptop,8936332.0
590,London,blue stilton cheese,8931841.0
591,London,mild cheddar cheese,8927928.0
592,London,denim jacket,8927282.0
593,London,hotpoint washing machine,8926365.0
594,London,salmon fillets,8925814.0
595,London,Slightly salted butter,8924724.0
596,London,Oats Milk,8923781.0
597,London,british fresh turkey mince,8923344.0
598,London,minecraft game - xbox,8922744.0
599,London,jam doughnut,8917657.0
600,London,Blueberry yoghurt,8917606.0
601,London,chocolate twist,8917349.0
602,London,gaming mouse,8912916.0
603,London,Lemon,8910075.0
604,London,hp dv 3000 laptop,8909893.0
605,London,british fresh chicken thigh fillets,8908377.0
606,London,dyson washing machine,8906942.0
607,London,brenton jumper,8906829.0
608,London,21 day mature rump steak,8906299.0
609,London,pokemon blue,8905278.0
610,London,semi skimmed milk,8905136.0
611,London,raspberries,8904595.0
612,London,apple macbook air mid 2009,8901377.0
613,London,fresh whole chicken,8900231.0
614,London,fresh whole turkey,8897176.0
615,London,grey blazers,8884994.0
616,London,plastic sunshades,8883643.0
617,London,Onions Loose,8876493.0
618,London,Organic mILK,8859439.0
619,London,scottish salmon,8839385.0
620,East of England,Red pepper,8617809.0
621,East of England,wristwatch,8608545.0
622,East of England,gameboy color,8600602.0
623,East of England,halo combat evolved,8594542.0
624,East of England,fresh turkey steak,8593809.0
625,East of England,linen shirt,8592515.0
626,East of England,chocolate twist,8591894.0
627,East of England,Brocolli loose,8591381.0
628,East of England,British carrots loose,8583674.0
629,East of England,Spring onions bunch,8582418.0
630,East of England,pokemon blue,8578903.0
631,East of England,sea bass fillets,8578198.0
632,East of England,classic bowtie,8575112.0
633,East of England,21 day mature ribeye steak,8573299.0
634,East of England,oxford shoes,8572518.0
635,East of England,Oats Milk,8571987.0
636,East of England,21 day mature rump steak,8571474.0
637,East of England,mature cheddar cheese,8570467.0
638,East of England,organic soured cream,8569196.0
639,East of England,dyson vacuum cleaner,8567036.0
640,East of England,pokemon red,8564700.0
641,East of England,pokemon gold,8561697.0
642,East of England,courgette loose,8560065.0
643,East of England,pain au raisins,8557054.0
644,East of England,cheese cake,8556657.0
645,East of England,play station 3,8556070.0
646,East of England,Fairtrade Bananas Loose,8552249.0
647,East of England,gaming keyboard,8551478.0
648,East of England,goat cheese,8549604.0
649,East of England,macaron - x3,8549329.0
650,East of England,hp envy laptop,8545716.0
651,East of England,Soy Milk,8545347.0
652,East of England,dyson washing machine,8540709.0
653,East of England,diced chicken breast,8540372.0
654,East of England,bosch washing machine,8539747.0
655,East of England,denim jacket,8538373.0
656,East of England,skimmed milk,8537623.0
657,East of England,hp dv 2000 laptop,8537573.0
658,East of England,raspberries,8537323.0
659,East of England,grey cardigan,8534766.0
660,East of England,british fresh turkey mince,8533256.0
661,East of England,Lemon,8532731.0
662,East of England,silk scarf,8531717.0
663,East of England,flapjack,8530221.0
664,East of England,scottish salmon,8528950.0
665,East of England,Plain Greek yoghurt,8528495.0
666,East of England,semi skimmed milk,8527548.0
667,East of England,red velvet cake,8527148.0
668,East of England,croisant ,8523055.0
669,East of England,beef sausages,8519386.0
670,East of England,free range large eggs x12,8519082.0
671,East of England,blue stilton cheese,8518896.0
672,East of England,millionaire square,8518296.0
673,East of England,gaming mouse,8517365.0
674,East of England,unsalted butter,8517175.0
675,East of England,hotpoint washing machine,8514944.0
676,East of England,white shirt,8513635.0
677,East of England,fresh whole chicken,8512511.0
678,East of England,silk tie,8512404.0
679,East of England,olive oil spread,8512133.0
680,East of England,baby potatoes,8511451.0
681,East of England,dyson tower fan,8510967.0
682,East of England,brenton jumper,8510294.0
683,East of England,chocolate fudge cake,8510041.0
684,East of England,wellington boots,8509980.0
685,East of England,Slightly salted butter,8509925.0
686,East of England,british fresh chicken thigh fillets,8508610.0
687,East of England,Onions Loose,8508374.0
688,East of England,21 day mature sirlion steak,8507567.0
689,East of England,cod fillets,8506046.0
690,East of England,british fresh chicken brest fillets,8505056.0
691,East of England,oxford shirt,8504820.0
692,East of England,British baking potatoes loose,8504622.0
693,East of England,vanilla yoghurt,8499453.0
694,East of England,custard doughnut,8497607.0
695,East of England,apple macbook pro mid 2009,8494891.0
696,East of England,pokemon yellow,8494453.0
697,East of England,jam doughnut,8493151.0
698,East of England,dell inspiron laptop,8489173.0
699,East of England,Sweet potatoes loose,8489044.0
700,East of England,brenton t-shirt,8487673.0
701,East of England,british bramley cooking apples,8487004.0
702,East of England,shortbread,8486032.0
703,East of England,almond croisant,8485778.0
704,East of England,pink blazers,8485196.0
705,East of England,hp dv 3000 laptop,8483427.0
706,East of England,god of war 2,8482738.0
707,East of England,vernison sausages,8482083.0
708,East of England,samsung washing machine,8481762.0
709,East of England,fresh whole turkey,8480387.0
710,East of England,x-box 360,8478563.0
711,East of England,grey blazers,8477419.0
712,East of England,celery,8477153.0
713,East of England,Organic Kefir,8477031.0
714,East of England,lg washing machine,8475722.0
715,East of England,denim jeams,8475457.0
716,East of England,Organic mILK,8474861.0
717,East of England,salmon fillets,8473903.0
718,East of England,cotton tie,8473685.0
719,East of England,large king prawns,8473599.0
720,East of England,apple macbook air mid 2009,8471770.0
721,East of England,british parsnips loose,8471208.0
722,East of England,aubergine,8469739.0
723,East of England,linen trousers,8469052.0
724,East of England,beef mince,8467289.0
725,East of England,plastic sunshades,8461665.0
726,East of England,chicken sausages,8458319.0
727,East of England,Almond milk,8455878.0
728,East of England,Mixed pepper,8455750.0
729,East of England,Blueberry yoghurt,8452197.0
730,East of England,mild cheddar cheese,8451800.0
731,East of England,minecraft game - xbox,8450073.0
732,East of England,diced vernison,8448285.0
733,East of England,easy peeler loose,8448029.0
734,East of England,pain au chocolate,8440238.0
735,East of England,dual shock controller,8434321.0
736,East of England,organic raspberry yoghurt,8427587.0
737,East of England,gameboy advance,8411230.0
738,Northern Ireland,fine beans,7411062.0
739,Northern Ireland,garlic,7371172.0
740,Northern Ireland,corned beef,7309771.0
741,West Midlands,mild cheddar cheese,7046060.0
742,West Midlands,hp dv 3000 laptop,7042073.0
743,West Midlands,minecraft game - xbox,7037320.0
744,West Midlands,mature cheddar cheese,7037101.0
745,West Midlands,Spring onions bunch,7032952.0
746,West Midlands,linen trousers,7032279.0
747,West Midlands,Organic Kefir,7024780.0
748,West Midlands,Almond milk,7024515.0
749,West Midlands,dyson vacuum cleaner,7022194.0
750,West Midlands,large king prawns,7020704.0
751,West Midlands,Oats Milk,7020281.0
752,West Midlands,pokemon blue,7019689.0
753,West Midlands,easy peeler loose,7016455.0
754,West Midlands,god of war 2,7016056.0
755,West Midlands,gaming mouse,7014829.0
756,West Midlands,semi skimmed milk,7013677.0
757,West Midlands,oxford shirt,7011249.0
758,West Midlands,british bramley cooking apples,7010408.0
759,West Midlands,dual shock controller,7010042.0
760,West Midlands,british fresh turkey mince,7008291.0
761,West Midlands,wellington boots,7007352.0
762,West Midlands,olive oil spread,7006968.0
763,West Midlands,goat cheese,7005823.0
764,West Midlands,classic bowtie,7005778.0
765,West Midlands,Onions Loose,7005468.0
766,West Midlands,brenton jumper,7004940.0
767,West Midlands,skimmed milk,7004757.0
768,West Midlands,21 day mature ribeye steak,7003907.0
769,West Midlands,scottish salmon,7002479.0
770,West Midlands,Organic mILK,7001204.0
771,West Midlands,beef sausages,6999111.0
772,West Midlands,hotpoint washing machine,6999103.0
773,West Midlands,british fresh chicken thigh fillets,6997580.0
774,West Midlands,british fresh chicken brest fillets,6996767.0
775,West Midlands,Red pepper,6996423.0
776,West Midlands,macaron - x3,6996142.0
777,West Midlands,organic soured cream,6995736.0
778,West Midlands,plastic sunshades,6993473.0
779,West Midlands,diced chicken breast,6993356.0
780,West Midlands,apple macbook pro mid 2009,6990568.0
781,West Midlands,chocolate twist,6988583.0
782,West Midlands,apple macbook air mid 2009,6987373.0
783,West Midlands,pain au raisins,6986594.0
784,West Midlands,fresh whole chicken,6984452.0
785,West Midlands,vernison sausages,6983856.0
786,West Midlands,linen shirt,6983418.0
787,West Midlands,cod fillets,6982799.0
788,West Midlands,grey blazers,6982187.0
789,West Midlands,cotton tie,6981865.0
790,West Midlands,Plain Greek yoghurt,6981804.0
791,West Midlands,Slightly salted butter,6981698.0
792,West Midlands,samsung washing machine,6979635.0
793,West Midlands,Mixed pepper,6978034.0
794,West Midlands,diced vernison,6977678.0
795,West Midlands,halo combat evolved,6977313.0
796,West Midlands,fresh turkey steak,6977180.0
797,West Midlands,British baking potatoes loose,6975879.0
798,West Midlands,Soy Milk,6975232.0
799,West Midlands,shortbread,6974165.0
800,West Midlands,play station 3,6974086.0
801,West Midlands,dyson tower fan,6973563.0
802,West Midlands,Blueberry yoghurt,6971063.0
803,West Midlands,Sweet potatoes loose,6970794.0
804,West Midlands,raspberries,6970658.0
805,West Midlands,aubergine,6970595.0
806,West Midlands,pokemon yellow,6970379.0
807,West Midlands,Brocolli loose,6968391.0
808,West Midlands,salmon fillets,6965993.0
809,West Midlands,brenton t-shirt,6965026.0
810,West Midlands,free range large eggs x12,6963249.0
811,West Midlands,pain au chocolate,6962957.0
812,West Midlands,21 day mature rump steak,6962799.0
813,West Midlands,british parsnips loose,6962403.0
814,West Midlands,unsalted butter,6960726.0
815,West Midlands,pink blazers,6960451.0
816,West Midlands,dyson washing machine,6959585.0
817,West Midlands,pokemon gold,6959440.0
818,West Midlands,dell inspiron laptop,6959098.0
819,West Midlands,sea bass fillets,6958352.0
820,West Midlands,British carrots loose,6958189.0
821,West Midlands,flapjack,6957792.0
822,West Midlands,x-box 360,6956674.0
823,West Midlands,hp dv 2000 laptop,6956607.0
824,West Midlands,gaming keyboard,6954826.0
825,West Midlands,beef mince,6954240.0
826,West Midlands,custard doughnut,6953768.0
827,West Midlands,wristwatch,6952609.0
828,West Midlands,white shirt,6951231.0
829,West Midlands,denim jacket,6950907.0
830,West Midlands,gameboy advance,6950159.0
831,West Midlands,chocolate fudge cake,6950087.0
832,West Midlands,cheese cake,6949793.0
833,West Midlands,courgette loose,6938637.0
834,West Midlands,celery,6937156.0
835,West Midlands,Lemon,6936211.0
836,West Midlands,gameboy color,6936062.0
837,West Midlands,croisant ,6934859.0
838,West Midlands,vanilla yoghurt,6932307.0
839,West Midlands,lg washing machine,6930341.0
840,West Midlands,chicken sausages,6929174.0
841,West Midlands,silk scarf,6927475.0
842,West Midlands,grey cardigan,6927267.0
843,West Midlands,silk tie,6926762.0
844,West Midlands,oxford shoes,6924299.0
845,West Midlands,jam doughnut,6923152.0
846,West Midlands,bosch washing machine,6915499.0
847,West Midlands,pokemon red,6914317.0
848,West Midlands,blue stilton cheese,6913117.0
849,West Midlands,organic raspberry yoghurt,6909235.0
850,West Midlands,21 day mature sirlion steak,6909102.0
851,West Midlands,millionaire square,6908748.0
852,West Midlands,red velvet cake,6907888.0
853,West Midlands,denim jeams,6901905.0
854,West Midlands,fresh whole turkey,6900544.0
855,West Midlands,Fairtrade Bananas Loose,6899958.0
856,West Midlands,baby potatoes,6898937.0
857,West Midlands,hp envy laptop,6894338.0
858,West Midlands,almond croisant,6885801.0
859,North West England,Lemon,6110168.0
860,North West England,red velvet cake,6103980.0
861,North West England,british bramley cooking apples,6100020.0
862,North West England,beef sausages,6098358.0
863,North West England,gameboy advance,6088878.0
864,North West England,Plain Greek yoghurt,6088683.0
865,North West England,dell inspiron laptop,6088267.0
866,North West England,goat cheese,6087197.0
867,North West England,diced vernison,6086526.0
868,North West England,organic raspberry yoghurt,6082949.0
869,North West England,dyson vacuum cleaner,6080370.0
870,North West England,grey cardigan,6078815.0
871,North West England,macaron - x3,6078700.0
872,North West England,halo combat evolved,6076415.0
873,North West England,pokemon red,6075860.0
874,North West England,white shirt,6075346.0
875,North West England,shortbread,6074023.0
876,North West England,custard doughnut,6072508.0
877,North West England,wellington boots,6071437.0
878,North West England,wristwatch,6071358.0
879,North West England,pokemon yellow,6069159.0
880,North West England,free range large eggs x12,6068797.0
881,North West England,vernison sausages,6067385.0
882,North West England,hotpoint washing machine,6067080.0
883,North West England,pokemon blue,6064920.0
884,North West England,brenton jumper,6062345.0
885,North West England,Organic Kefir,6062162.0
886,North West England,oxford shirt,6062138.0
887,North West England,Mixed pepper,6061612.0
888,North West England,dyson tower fan,6061266.0
889,North West England,Sweet potatoes loose,6059467.0
890,North West England,olive oil spread,6057526.0
891,North West England,british parsnips loose,6057501.0
892,North West England,minecraft game - xbox,6055638.0
893,North West England,celery,6054570.0
894,North West England,denim jeams,6054127.0
895,North West England,hp envy laptop,6053052.0
896,North West England,raspberries,6051326.0
897,North West England,Red pepper,6050835.0
898,North West England,easy peeler loose,6050636.0
899,North West England,skimmed milk,6050581.0
900,North West England,Blueberry yoghurt,6050217.0
901,North West England,Brocolli loose,6048377.0
902,North West England,British carrots loose,6048284.0
903,North West England,play station 3,6047834.0
904,North West England,chocolate twist,6046784.0
905,North West England,millionaire square,6046288.0
906,North West England,Spring onions bunch,6044960.0
907,North West England,Slightly salted butter,6044731.0
908,North West England,dual shock controller,6043238.0
909,North West England,linen trousers,6038601.0
910,North West England,x-box 360,6038524.0
911,North West England,Fairtrade Bananas Loose,6038260.0
912,North West England,semi skimmed milk,6037889.0
913,North West England,croisant ,6037876.0
914,North West England,god of war 2,6037678.0
915,North West England,gaming keyboard,6036289.0
916,North West England,pain au chocolate,6035342.0
917,North West England,gaming mouse,6035149.0
918,North West England,large king prawns,6034936.0
919,North West England,british fresh turkey mince,6032166.0
920,North West England,British baking potatoes loose,6032146.0
921,North West England,hp dv 3000 laptop,6031362.0
922,North West England,british fresh chicken brest fillets,6031175.0
923,North West England,samsung washing machine,6030268.0
924,North West England,bosch washing machine,6029855.0
925,North West England,aubergine,6028312.0
926,North West England,oxford shoes,6027938.0
927,North West England,mature cheddar cheese,6027533.0
928,North West England,21 day mature ribeye steak,6027515.0
929,North West England,silk scarf,6027075.0
930,North West England,salmon fillets,6027056.0
931,North West England,pink blazers,6026755.0
932,North West England,cod fillets,6026628.0
933,North West England,pokemon gold,6026256.0
934,North West England,Organic mILK,6026071.0
935,North West England,flapjack,6025907.0
936,North West England,unsalted butter,6025312.0
937,North West England,almond croisant,6024291.0
938,North West England,Almond milk,6024241.0
939,North West England,diced chicken breast,6022411.0
940,North West England,beef mince,6021297.0
941,North West England,21 day mature sirlion steak,6020748.0
942,North West England,fresh whole chicken,6020255.0
943,North West England,brenton t-shirt,6019792.0
944,North West England,21 day mature rump steak,6018757.0
945,North West England,hp dv 2000 laptop,6018565.0
946,North West England,linen shirt,6018204.0
947,North West England,dyson washing machine,6018088.0
948,North West England,gameboy color,6016257.0
949,North West England,silk tie,6015958.0
950,North West England,plastic sunshades,6015861.0
951,North West England,Onions Loose,6015255.0
952,North West England,cotton tie,6014699.0
953,North West England,scottish salmon,6013848.0
954,North West England,chicken sausages,6013419.0
955,North West England,vanilla yoghurt,6013303.0
956,North West England,apple macbook air mid 2009,6011456.0
957,North West England,fresh whole turkey,6011400.0
958,North West England,cheese cake,6009482.0
959,North West England,baby potatoes,6006894.0
960,North West England,pain au raisins,6006766.0
961,North West England,sea bass fillets,6006045.0
962,North West England,courgette loose,6004608.0
963,North West England,grey blazers,6002303.0
964,North West England,Soy Milk,6001447.0
965,North West England,organic soured cream,5998799.0
966,North West England,apple macbook pro mid 2009,5997005.0
967,North West England,jam doughnut,5994527.0
968,North West England,classic bowtie,5991749.0
969,North West England,fresh turkey steak,5991700.0
970,North West England,lg washing machine,5989245.0
971,North West England,denim jacket,5988492.0
972,North West England,british fresh chicken thigh fillets,5978848.0
973,North West England,Oats Milk,5974849.0
974,North West England,chocolate fudge cake,5971105.0
975,North West England,blue stilton cheese,5969226.0
976,North West England,mild cheddar cheese,5961542.0
977,North East England,fine beans,5628607.0
978,North East England,corned beef,5584081.0
979,North East England,garlic,5558084.0
980,South West England,grey blazers,5090530.0
981,South West England,skimmed milk,5087450.0
982,South West England,croisant ,5074314.0
983,South West England,mature cheddar cheese,5073841.0
984,South West England,dyson washing machine,5071876.0
985,South West England,oxford shoes,5070175.0
986,South West England,unsalted butter,5066582.0
987,South West England,Oats Milk,5066255.0
988,South West England,pokemon yellow,5064239.0
989,South West England,british parsnips loose,5063318.0
990,South West England,organic soured cream,5062620.0
991,South West England,Sweet potatoes loose,5060553.0
992,South West England,diced chicken breast,5059891.0
993,South West England,hp envy laptop,5058822.0
994,South West England,vernison sausages,5056409.0
995,South West England,chocolate twist,5055868.0
996,South West England,jam doughnut,5054323.0
997,South West England,fresh whole turkey,5051076.0
998,South West England,apple macbook pro mid 2009,5050851.0
999,South West England,pain au raisins,5048662.0
1000,South West England,British baking potatoes loose,5046906.0
1001,South West England,Blueberry yoghurt,5044773.0
1002,South West England,white shirt,5044686.0
1003,South West England,wellington boots,5042635.0
1004,South West England,Lemon,5042153.0
1005,South West England,aubergine,5041744.0
1006,South West England,Almond milk,5041044.0
1007,South West England,gameboy advance,5040962.0
1008,South West England,semi skimmed milk,5040655.0
1009,South West England,sea bass fillets,5036815.0
1010,South West England,minecraft game - xbox,5036768.0
1011,South West England,baby potatoes,5036040.0
1012,South West England,cod fillets,5034342.0
1013,South West England,fresh turkey steak,5033589.0
1014,South West England,21 day mature rump steak,5031594.0
1015,South West England,x-box 360,5030721.0
1016,South West England,bosch washing machine,5028395.0
1017,South West England,dyson vacuum cleaner,5028357.0
1018,South West England,millionaire square,5026611.0
1019,South West England,custard doughnut,5026338.0
1020,South West England,goat cheese,5025993.0
1021,South West England,dual shock controller,5025904.0
1022,South West England,lg washing machine,5025728.0
1023,South West England,macaron - x3,5023904.0
1024,South West England,british bramley cooking apples,5023685.0
1025,South West England,oxford shirt,5023576.0
1026,South West England,salmon fillets,5021549.0
1027,South West England,Fairtrade Bananas Loose,5021163.0
1028,South West England,samsung washing machine,5020899.0
1029,South West England,organic raspberry yoghurt,5020759.0
1030,South West England,Slightly salted butter,5020411.0
1031,South West England,vanilla yoghurt,5018923.0
1032,South West England,almond croisant,5018623.0
1033,South West England,halo combat evolved,5018156.0
1034,South West England,linen shirt,5017468.0
1035,South West England,British carrots loose,5017085.0
1036,South West England,apple macbook air mid 2009,5016961.0
1037,South West England,shortbread,5016564.0
1038,South West England,hp dv 3000 laptop,5015786.0
1039,South West England,blue stilton cheese,5014225.0
1040,South West England,Red pepper,5014115.0
1041,South West England,chicken sausages,5013851.0
1042,South West England,silk tie,5011626.0
1043,South West England,raspberries,5011309.0
1044,South West England,free range large eggs x12,5009990.0
1045,South West England,denim jacket,5009238.0
1046,South West England,dyson tower fan,5008284.0
1047,South West England,grey cardigan,5008038.0
1048,South West England,Organic Kefir,5008020.0
1049,South West England,Onions Loose,5007958.0
1050,South West England,pokemon red,5005921.0
1051,South West England,pokemon gold,5005518.0
1052,South West England,courgette loose,5003167.0
1053,South West England,pink blazers,5000480.0
1054,South West England,large king prawns,5000006.0
1055,South West England,fresh whole chicken,4999126.0
1056,South West England,plastic sunshades,4997412.0
1057,South West England,21 day mature sirlion steak,4997337.0
1058,South West England,diced vernison,4997194.0
1059,South West England,silk scarf,4995309.0
1060,South West England,brenton jumper,4993960.0
1061,South West England,21 day mature ribeye steak,4993677.0
1062,South West England,Mixed pepper,4992515.0
1063,South West England,Soy Milk,4992377.0
1064,South West England,Spring onions bunch,4992113.0
1065,South West England,god of war 2,4991960.0
1066,South West England,british fresh chicken thigh fillets,4991049.0
1067,South West England,Plain Greek yoghurt,4990822.0
1068,South West England,pain au chocolate,4989800.0
1069,South West England,linen trousers,4988553.0
1070,South West England,cotton tie,4987937.0
1071,South West England,brenton t-shirt,4987874.0
1072,South West England,gaming keyboard,4987202.0
1073,South West England,beef sausages,4986808.0
1074,South West England,wristwatch,4986301.0
1075,South West England,chocolate fudge cake,4985157.0
1076,South West England,classic bowtie,4984618.0
1077,South West England,pokemon blue,4983950.0
1078,South West England,Organic mILK,4981860.0
1079,South West England,easy peeler loose,4979933.0
1080,South West England,flapjack,4978755.0
1081,South West England,british fresh chicken brest fillets,4978744.0
1082,South West England,play station 3,4978193.0
1083,South West England,gaming mouse,4976003.0
1084,South West England,cheese cake,4974921.0
1085,South West England,red velvet cake,4974781.0
1086,South West England,dell inspiron laptop,4974019.0
1087,South West England,denim jeams,4973071.0
1088,South West England,hotpoint washing machine,4972864.0
1089,South West England,mild cheddar cheese,4971690.0
1090,South West England,celery,4968446.0
1091,South West England,hp dv 2000 laptop,4967346.0
1092,South West England,beef mince,4967311.0
1093,South West England,gameboy color,4964638.0
1094,South West England,olive oil spread,4964598.0
1095,South West England,Brocolli loose,4964287.0
1096,South West England,scottish salmon,4958840.0
1097,South West England,british fresh turkey mince,4928343.0
1098,Yorkshire and the Humber,classic bowtie,4897404.0
1099,Yorkshire and the Humber,beef mince,4873793.0
1100,Yorkshire and the Humber,chocolate fudge cake,4869883.0
1101,Yorkshire and the Humber,cheese cake,4866138.0
1102,Yorkshire and the Humber,diced vernison,4866024.0
1103,Yorkshire and the Humber,Fairtrade Bananas Loose,4865151.0
1104,Yorkshire and the Humber,21 day mature rump steak,4862569.0
1105,Yorkshire and the Humber,sea bass fillets,4857552.0
1106,Yorkshire and the Humber,fresh whole turkey,4856582.0
1107,Yorkshire and the Humber,blue stilton cheese,4853383.0
1108,Yorkshire and the Humber,british fresh turkey mince,4849841.0
1109,Yorkshire and the Humber,croisant ,4849608.0
1110,Yorkshire and the Humber,British baking potatoes loose,4849021.0
1111,Yorkshire and the Humber,cod fillets,4848363.0
1112,Yorkshire and the Humber,plastic sunshades,4847859.0
1113,Yorkshire and the Humber,almond croisant,4844803.0
1114,Yorkshire and the Humber,mild cheddar cheese,4844239.0
1115,Yorkshire and the Humber,hp dv 3000 laptop,4844118.0
1116,Yorkshire and the Humber,free range large eggs x12,4842451.0
1117,Yorkshire and the Humber,British carrots loose,4841877.0
1118,Yorkshire and the Humber,gaming mouse,4840697.0
1119,Yorkshire and the Humber,lg washing machine,4838838.0
1120,Yorkshire and the Humber,god of war 2,4838501.0
1121,Yorkshire and the Humber,apple macbook pro mid 2009,4838189.0
1122,Yorkshire and the Humber,gameboy color,4837103.0
1123,Yorkshire and the Humber,gameboy advance,4835278.0
1124,Yorkshire and the Humber,celery,4834623.0
1125,Yorkshire and the Humber,bosch washing machine,4833331.0
1126,Yorkshire and the Humber,Plain Greek yoghurt,4833085.0
1127,Yorkshire and the Humber,cotton tie,4831581.0
1128,Yorkshire and the Humber,Organic mILK,4830049.0
1129,Yorkshire and the Humber,british fresh chicken brest fillets,4828777.0
1130,Yorkshire and the Humber,Slightly salted butter,4828023.0
1131,Yorkshire and the Humber,denim jeams,4827656.0
1132,Yorkshire and the Humber,minecraft game - xbox,4827511.0
1133,Yorkshire and the Humber,beef sausages,4827061.0
1134,Yorkshire and the Humber,organic raspberry yoghurt,4825975.0
1135,Yorkshire and the Humber,Onions Loose,4825854.0
1136,Yorkshire and the Humber,play station 3,4825181.0
1137,Yorkshire and the Humber,white shirt,4824218.0
1138,Yorkshire and the Humber,scottish salmon,4823899.0
1139,Yorkshire and the Humber,raspberries,4822995.0
1140,Yorkshire and the Humber,gaming keyboard,4822912.0
1141,Yorkshire and the Humber,hp dv 2000 laptop,4822655.0
1142,Yorkshire and the Humber,wristwatch,4821933.0
1143,Yorkshire and the Humber,pain au raisins,4821079.0
1144,Yorkshire and the Humber,large king prawns,4820902.0
1145,Yorkshire and the Humber,pain au chocolate,4819658.0
1146,Yorkshire and the Humber,semi skimmed milk,4819331.0
1147,Yorkshire and the Humber,hotpoint washing machine,4819294.0
1148,Yorkshire and the Humber,red velvet cake,4817283.0
1149,Yorkshire and the Humber,Lemon,4816934.0
1150,Yorkshire and the Humber,dell inspiron laptop,4814812.0
1151,Yorkshire and the Humber,grey cardigan,4814360.0
1152,Yorkshire and the Humber,pokemon yellow,4813812.0
1153,Yorkshire and the Humber,vanilla yoghurt,4813811.0
1154,Yorkshire and the Humber,pokemon blue,4813119.0
1155,Yorkshire and the Humber,pokemon red,4812859.0
1156,Yorkshire and the Humber,courgette loose,4812376.0
1157,Yorkshire and the Humber,Organic Kefir,4811863.0
1158,Yorkshire and the Humber,unsalted butter,4811666.0
1159,Yorkshire and the Humber,dyson washing machine,4811453.0
1160,Yorkshire and the Humber,Oats Milk,4810780.0
1161,Yorkshire and the Humber,pink blazers,4810449.0
1162,Yorkshire and the Humber,fresh turkey steak,4810405.0
1163,Yorkshire and the Humber,Soy Milk,4810324.0
1164,Yorkshire and the Humber,21 day mature sirlion steak,4809038.0
1165,Yorkshire and the Humber,pokemon gold,4808864.0
1166,Yorkshire and the Humber,Brocolli loose,4808741.0
1167,Yorkshire and the Humber,olive oil spread,4808226.0
1168,Yorkshire and the Humber,british fresh chicken thigh fillets,4807358.0
1169,Yorkshire and the Humber,oxford shirt,4806300.0
1170,Yorkshire and the Humber,linen shirt,4805663.0
1171,Yorkshire and the Humber,Almond milk,4802167.0
1172,Yorkshire and the Humber,21 day mature ribeye steak,4802078.0
1173,Yorkshire and the Humber,Mixed pepper,4801827.0
1174,Yorkshire and the Humber,grey blazers,4801655.0
1175,Yorkshire and the Humber,aubergine,4801588.0
1176,Yorkshire and the Humber,halo combat evolved,4801057.0
1177,Yorkshire and the Humber,dyson vacuum cleaner,4800769.0
1178,Yorkshire and the Humber,samsung washing machine,4800659.0
1179,Yorkshire and the Humber,baby potatoes,4799921.0
1180,Yorkshire and the Humber,chicken sausages,4799238.0
1181,Yorkshire and the Humber,brenton jumper,4798965.0
1182,Yorkshire and the Humber,salmon fillets,4798794.0
1183,Yorkshire and the Humber,easy peeler loose,4797748.0
1184,Yorkshire and the Humber,british bramley cooking apples,4796837.0
1185,Yorkshire and the Humber,diced chicken breast,4794585.0
1186,Yorkshire and the Humber,shortbread,4791755.0
1187,Yorkshire and the Humber,linen trousers,4791636.0
1188,Yorkshire and the Humber,goat cheese,4790478.0
1189,Yorkshire and the Humber,organic soured cream,4789989.0
1190,Yorkshire and the Humber,denim jacket,4789584.0
1191,Yorkshire and the Humber,custard doughnut,4788603.0
1192,Yorkshire and the Humber,jam doughnut,4788560.0
1193,Yorkshire and the Humber,x-box 360,4788260.0
1194,Yorkshire and the Humber,chocolate twist,4786251.0
1195,Yorkshire and the Humber,dyson tower fan,4785067.0
1196,Yorkshire and the Humber,hp envy laptop,4784165.0
1197,Yorkshire and the Humber,Blueberry yoghurt,4782642.0
1198,Yorkshire and the Humber,Spring onions bunch,4782548.0
1199,Yorkshire and the Humber,apple macbook air mid 2009,4781355.0
1200,Yorkshire and the Humber,british parsnips loose,4776327.0
1201,Yorkshire and the Humber,fresh whole chicken,4775999.0
1202,Yorkshire and the Humber,brenton t-shirt,4774504.0
1203,Yorkshire and the Humber,wellington boots,4774177.0
1204,Yorkshire and the Humber,mature cheddar cheese,4773953.0
1205,Yorkshire and the Humber,vernison sausages,4771681.0
1206,Yorkshire and the Humber,millionaire square,4770408.0
1207,Yorkshire and the Humber,flapjack,4770076.0
1208,Yorkshire and the Humber,macaron - x3,4769294.0
1209,Yorkshire and the Humber,Red pepper,4769058.0
1210,Yorkshire and the Humber,Sweet potatoes loose,4768377.0
1211,Yorkshire and the Humber,skimmed milk,4768167.0
1212,Yorkshire and the Humber,silk scarf,4766241.0
1213,Yorkshire and the Humber,dual shock controller,4764146.0
1214,Yorkshire and the Humber,oxford shoes,4761882.0
1215,Yorkshire and the Humber,silk tie,4748848.0
1216,Northern Ireland,diced chicken breast,3744391.0
1217,Northern Ireland,x-box 360,3729560.0
1218,Northern Ireland,Blueberry yoghurt,3728549.0
1219,Northern Ireland,minecraft game - xbox,3725780.0
1220,Northern Ireland,wristwatch,3723041.0
1221,Northern Ireland,free range large eggs x12,3721964.0
1222,Northern Ireland,denim jacket,3718334.0
1223,Northern Ireland,plastic sunshades,3717188.0
1224,Northern Ireland,denim jeams,3716466.0
1225,Northern Ireland,gameboy advance,3716282.0
1226,Northern Ireland,apple macbook air mid 2009,3716182.0
1227,Northern Ireland,british parsnips loose,3715928.0
1228,Northern Ireland,flapjack,3713924.0
1229,Northern Ireland,bosch washing machine,3710731.0
1230,Northern Ireland,courgette loose,3710232.0
1231,Northern Ireland,diced vernison,3709704.0
1232,Northern Ireland,skimmed milk,3707059.0
1233,Northern Ireland,fresh whole chicken,3706329.0
1234,Northern Ireland,british bramley cooking apples,3704079.0
1235,Northern Ireland,21 day mature ribeye steak,3703979.0
1236,Northern Ireland,vernison sausages,3703506.0
1237,Northern Ireland,hotpoint washing machine,3703343.0
1238,Northern Ireland,fresh turkey steak,3703243.0
1239,Northern Ireland,brenton t-shirt,3702388.0
1240,Northern Ireland,gameboy color,3701906.0
1241,Northern Ireland,oxford shirt,3700511.0
1242,Northern Ireland,Organic Kefir,3699962.0
1243,Northern Ireland,pink blazers,3698177.0
1244,Northern Ireland,linen trousers,3697773.0
1245,Northern Ireland,pokemon blue,3694311.0
1246,Northern Ireland,Onions Loose,3694103.0
1247,Northern Ireland,halo combat evolved,3694024.0
1248,Northern Ireland,almond croisant,3693669.0
1249,Northern Ireland,celery,3693546.0
1250,Northern Ireland,grey blazers,3693096.0
1251,Northern Ireland,21 day mature rump steak,3691154.0
1252,Northern Ireland,easy peeler loose,3691071.0
1253,Northern Ireland,gaming keyboard,3689441.0
1254,Northern Ireland,hp dv 3000 laptop,3687745.0
1255,Northern Ireland,chicken sausages,3687244.0
1256,Northern Ireland,Organic mILK,3686794.0
1257,Northern Ireland,salmon fillets,3686719.0
1258,Northern Ireland,british fresh chicken brest fillets,3686537.0
1259,Northern Ireland,hp dv 2000 laptop,3685953.0
1260,Northern Ireland,dual shock controller,3685157.0
1261,Northern Ireland,silk scarf,3685003.0
1262,Northern Ireland,fresh whole turkey,3684402.0
1263,Northern Ireland,mild cheddar cheese,3684049.0
1264,Northern Ireland,Slightly salted butter,3683279.0
1265,Northern Ireland,dyson tower fan,3682190.0
1266,Northern Ireland,croisant ,3681829.0
1267,Northern Ireland,Red pepper,3681261.0
1268,Northern Ireland,dell inspiron laptop,3680651.0
1269,Northern Ireland,olive oil spread,3680534.0
1270,Northern Ireland,red velvet cake,3679952.0
1271,Northern Ireland,chocolate fudge cake,3679921.0
1272,Northern Ireland,raspberries,3679904.0
1273,Northern Ireland,Mixed pepper,3679854.0
1274,Northern Ireland,hp envy laptop,3679827.0
1275,Northern Ireland,organic soured cream,3679249.0
1276,Northern Ireland,dyson vacuum cleaner,3678042.0
1277,Northern Ireland,vanilla yoghurt,3677994.0
1278,Northern Ireland,god of war 2,3677278.0
1279,Northern Ireland,semi skimmed milk,3677210.0
1280,Northern Ireland,wellington boots,3677018.0
1281,Northern Ireland,classic bowtie,3675118.0
1282,Northern Ireland,gaming mouse,3674748.0
1283,Northern Ireland,mature cheddar cheese,3673886.0
1284,Northern Ireland,white shirt,3673174.0
1285,Northern Ireland,Plain Greek yoghurt,3673059.0
1286,Northern Ireland,oxford shoes,3672738.0
1287,Northern Ireland,jam doughnut,3672431.0
1288,Northern Ireland,Soy Milk,3671665.0
1289,Northern Ireland,dyson washing machine,3671119.0
1290,Northern Ireland,pokemon red,3669683.0
1291,Northern Ireland,custard doughnut,3669489.0
1292,Northern Ireland,pain au chocolate,3668764.0
1293,Northern Ireland,Brocolli loose,3668212.0
1294,Northern Ireland,apple macbook pro mid 2009,3668049.0
1295,Northern Ireland,pain au raisins,3667373.0
1296,Northern Ireland,Sweet potatoes loose,3666880.0
1297,Northern Ireland,British carrots loose,3666625.0
1298,Northern Ireland,scottish salmon,3666121.0
1299,Northern Ireland,shortbread,3666088.0
1300,Northern Ireland,linen shirt,3665834.0
1301,Northern Ireland,cod fillets,3665586.0
1302,Northern Ireland,silk tie,3665050.0
1303,Northern Ireland,british fresh chicken thigh fillets,3664885.0
1304,Northern Ireland,sea bass fillets,3662593.0
1305,Northern Ireland,goat cheese,3662160.0
1306,Northern Ireland,beef mince,3658486.0
1307,Northern Ireland,British baking potatoes loose,3657567.0
1308,Northern Ireland,Spring onions bunch,3657081.0
1309,Northern Ireland,organic raspberry yoghurt,3656507.0
1310,Northern Ireland,samsung washing machine,3656248.0
1311,Northern Ireland,Fairtrade Bananas Loose,3656144.0
1312,Northern Ireland,blue stilton cheese,3654016.0
1313,Northern Ireland,baby potatoes,3652618.0
1314,Northern Ireland,cotton tie,3652021.0
1315,Northern Ireland,chocolate twist,3651622.0
1316,Northern Ireland,cheese cake,3651020.0
1317,Northern Ireland,grey cardigan,3649733.0
1318,Northern Ireland,beef sausages,3649251.0
1319,Northern Ireland,21 day mature sirlion steak,3648713.0
1320,Northern Ireland,Almond milk,3648223.0
1321,Northern Ireland,lg washing machine,3648038.0
1322,Northern Ireland,pokemon gold,3647849.0
1323,Northern Ireland,Oats Milk,3646609.0
1324,Northern Ireland,millionaire square,3646355.0
1325,Northern Ireland,british fresh turkey mince,3644650.0
1326,Northern Ireland,pokemon yellow,3644602.0
1327,Northern Ireland,aubergine,3644126.0
1328,Northern Ireland,large king prawns,3643415.0
1329,Northern Ireland,play station 3,3639966.0
1330,Northern Ireland,macaron - x3,3639502.0
1331,Northern Ireland,brenton jumper,3637510.0
1332,Northern Ireland,unsalted butter,3633675.0
1333,Northern Ireland,Lemon,3619601.0
1334,North East England,pokemon blue,2852042.0
1335,North East England,blue stilton cheese,2844599.0
1336,North East England,beef sausages,2840600.0
1337,North East England,semi skimmed milk,2836510.0
1338,North East England,dyson washing machine,2833768.0
1339,North East England,Mixed pepper,2833477.0
1340,North East England,easy peeler loose,2833474.0
1341,North East England,cheese cake,2833258.0
1342,North East England,silk tie,2826499.0
1343,North East England,large king prawns,2824974.0
1344,North East England,21 day mature ribeye steak,2824152.0
1345,North East England,shortbread,2823277.0
1346,North East England,white shirt,2822408.0
1347,North East England,brenton jumper,2822063.0
1348,North East England,bosch washing machine,2821873.0
1349,North East England,pokemon red,2820803.0
1350,North East England,21 day mature rump steak,2820621.0
1351,North East England,pink blazers,2817193.0
1352,North East England,diced vernison,2814572.0
1353,North East England,British baking potatoes loose,2814387.0
1354,North East England,gameboy color,2813478.0
1355,North East England,Almond milk,2813465.0
1356,North East England,organic raspberry yoghurt,2813389.0
1357,North East England,almond croisant,2812525.0
1358,North East England,baby potatoes,2811484.0
1359,North East England,denim jeams,2811253.0
1360,North East England,goat cheese,2810336.0
1361,North East England,oxford shoes,2809296.0
1362,North East England,oxford shirt,2809294.0
1363,North East England,plastic sunshades,2807521.0
1364,North East England,scottish salmon,2806886.0
1365,North East England,aubergine,2806742.0
1366,North East England,Blueberry yoghurt,2806214.0
1367,North East England,Slightly salted butter,2805964.0
1368,North East England,fresh turkey steak,2805784.0
1369,North East England,denim jacket,2805641.0
1370,North East England,Soy Milk,2805415.0
1371,North East England,diced chicken breast,2804222.0
1372,North East England,Lemon,2803953.0
1373,North East England,apple macbook air mid 2009,2803538.0
1374,North East England,dual shock controller,2802864.0
1375,North East England,unsalted butter,2802457.0
1376,North East England,jam doughnut,2801543.0
1377,North East England,pain au raisins,2800359.0
1378,North East England,minecraft game - xbox,2799645.0
1379,North East England,British carrots loose,2799573.0
1380,North East England,custard doughnut,2799515.0
1381,North East England,grey blazers,2798160.0
1382,North East England,linen trousers,2797515.0
1383,North East England,wristwatch,2796924.0
1384,North East England,gaming mouse,2796523.0
1385,North East England,celery,2796382.0
1386,North East England,chicken sausages,2796299.0
1387,North East England,dell inspiron laptop,2795885.0
1388,North East England,Red pepper,2794519.0
1389,North East England,flapjack,2794319.0
1390,North East England,free range large eggs x12,2793753.0
1391,North East England,croisant ,2792086.0
1392,North East England,vernison sausages,2791688.0
1393,North East England,gaming keyboard,2791615.0
1394,North East England,courgette loose,2791373.0
1395,North East England,cod fillets,2790499.0
1396,North East England,organic soured cream,2790481.0
1397,North East England,wellington boots,2789181.0
1398,North East England,play station 3,2788450.0
1399,North East England,fresh whole chicken,2788074.0
1400,North East England,chocolate twist,2787511.0
1401,North East England,gameboy advance,2786726.0
1402,North East England,british parsnips loose,2786528.0
1403,North East England,british bramley cooking apples,2786400.0
1404,North East England,british fresh turkey mince,2786249.0
1405,North East England,mature cheddar cheese,2786070.0
1406,North East England,linen shirt,2785985.0
1407,North East England,grey cardigan,2785332.0
1408,North East England,classic bowtie,2785160.0
1409,North East England,pain au chocolate,2784964.0
1410,North East England,hp dv 2000 laptop,2784866.0
1411,North East England,Oats Milk,2784430.0
1412,North East England,mild cheddar cheese,2783289.0
1413,North East England,skimmed milk,2783119.0
1414,North East England,Brocolli loose,2782686.0
1415,North East England,red velvet cake,2782490.0
1416,North East England,chocolate fudge cake,2782214.0
1417,North East England,pokemon gold,2782165.0
1418,North East England,hp dv 3000 laptop,2780575.0
1419,North East England,british fresh chicken brest fillets,2780412.0
1420,North East England,raspberries,2780394.0
1421,North East England,macaron - x3,2780368.0
1422,North East England,salmon fillets,2779724.0
1423,North East England,british fresh chicken thigh fillets,2779564.0
1424,North East England,Spring onions bunch,2778207.0
1425,North East England,lg washing machine,2777094.0
1426,North East England,dyson tower fan,2776613.0
1427,North East England,Plain Greek yoghurt,2776277.0
1428,North East England,olive oil spread,2775372.0
1429,North East England,god of war 2,2774734.0
1430,North East England,millionaire square,2774134.0
1431,North East England,beef mince,2773874.0
1432,North East England,brenton t-shirt,2773823.0
1433,North East England,Sweet potatoes loose,2773437.0
1434,North East England,Onions Loose,2773142.0
1435,North East England,samsung washing machine,2772239.0
1436,North East England,hp envy laptop,2770896.0
1437,North East England,silk scarf,2770078.0
1438,North East England,hotpoint washing machine,2769874.0
1439,North East England,sea bass fillets,2768887.0
1440,North East England,pokemon yellow,2768253.0
1441,North East England,cotton tie,2768044.0
1442,North East England,Organic mILK,2767985.0
1443,North East England,halo combat evolved,2766521.0
1444,North East England,Fairtrade Bananas Loose,2763835.0
1445,North East England,dyson vacuum cleaner,2763371.0
1446,North East England,fresh whole turkey,2762567.0
1447,North East England,x-box 360,2758585.0
1448,North East England,apple macbook pro mid 2009,2757638.0
1449,North East England,21 day mature sirlion steak,2756832.0
1450,North East England,Organic Kefir,2756679.0
1451,North East England,vanilla yoghurt,2755678.0
